<?xml version="1.0" encoding="UTF-8"?>
<metadata xml:lang="en"><Esri><CreaDate>20150815</CreaDate><CreaTime>12293400</CreaTime><ArcGISFormat>1.0</ArcGISFormat><SyncOnce>TRUE</SyncOnce><DataProperties><lineage><Process Name="Convert input CSV to MaxEnt SWD" ToolSource="D:\Workspace\EEP\EEP_HabitatStatistics.tbx\ConvertCSVToSWD" Date="20150815" Time="122934">ConvertCSVToSWD D:\Workspace\EEP\HabStats030501\Lepomis_auritus\AllHUC8Records.csv Lepomis_auritus D:\Workspace\EEP\HabStats030501\Lepomis_auritus\SH_Correlations.csv D:\Workspace\EEP\HabStats030501\Lepomis_auritus\Lepomis_auritus_SWD.csv</Process></lineage></DataProperties></Esri></metadata>
