<?xml version="1.0" encoding="UTF-8"?>
<metadata xml:lang="en"><Esri><CreaDate>20150715</CreaDate><CreaTime>14332400</CreaTime><ArcGISFormat>1.0</ArcGISFormat><SyncOnce>FALSE</SyncOnce><DataProperties><lineage><Process ToolSource="c:\program files (x86)\arcgis\desktop10.1\ArcToolbox\Toolboxes\Data Management Tools.tbx\CalculateField" Date="20130614" Time="094716">CalculateField Catchment GRIDCODE "[GRIDCODE] + 2767100" VB #</Process><Process ToolSource="c:\program files (x86)\arcgis\desktop10.1\ArcToolbox\Toolboxes\Data Management Tools.tbx\CalculateField" Date="20130614" Time="094813">CalculateField Catchment GRIDCODE "[GRIDCODE] + 2767100 - 57354" VB #</Process><Process ToolSource="c:\program files (x86)\arcgis\desktop10.2\ArcToolbox\Toolboxes\Data Management Tools.tbx\CalculateField" Date="20150324" Time="110544">CalculateField nhdv2_NC_catchments_proj perc_imperv "[area_imperv_frommean] / [Shape_Area]" VB #</Process><Process ToolSource="c:\program files (x86)\arcgis\desktop10.2\ArcToolbox\Toolboxes\Data Management Tools.tbx\CalculateField" Date="20150324" Time="115115">CalculateField nhdv2_NC_catchments_proj p_hyreg4 1 VB #</Process><Process ToolSource="c:\program files (x86)\arcgis\desktop10.2\ArcToolbox\Toolboxes\Data Management Tools.tbx\CalculateField" Date="20150324" Time="115131">CalculateField nhdv2_NC_catchments_proj p_hyreg1 0 VB #</Process><Process ToolSource="c:\program files (x86)\arcgis\desktop10.2\ArcToolbox\Toolboxes\Data Management Tools.tbx\CalculateField" Date="20150324" Time="115139">CalculateField nhdv2_NC_catchments_proj p_hyreg2 0 VB #</Process><Process ToolSource="c:\program files (x86)\arcgis\desktop10.2\ArcToolbox\Toolboxes\Data Management Tools.tbx\CalculateField" Date="20150324" Time="115148">CalculateField nhdv2_NC_catchments_proj p_hyreg3 0 VB #</Process><Process ToolSource="c:\program files (x86)\arcgis\desktop10.2\ArcToolbox\Toolboxes\Data Management Tools.tbx\CalculateField" Date="20150324" Time="115222">CalculateField nhdv2_NC_catchments_proj p_hyreg1 0 VB #</Process><Process ToolSource="c:\program files (x86)\arcgis\desktop10.2\ArcToolbox\Toolboxes\Data Management Tools.tbx\CalculateField" Date="20150324" Time="115227">CalculateField nhdv2_NC_catchments_proj p_hyreg2 0 VB #</Process><Process ToolSource="c:\program files (x86)\arcgis\desktop10.2\ArcToolbox\Toolboxes\Data Management Tools.tbx\CalculateField" Date="20150324" Time="115232">CalculateField nhdv2_NC_catchments_proj p_hyreg4 0 VB #</Process><Process ToolSource="c:\program files (x86)\arcgis\desktop10.2\ArcToolbox\Toolboxes\Data Management Tools.tbx\CalculateField" Date="20150324" Time="115238">CalculateField nhdv2_NC_catchments_proj p_hyreg3 1 VB #</Process><Process ToolSource="c:\program files (x86)\arcgis\desktop10.2\ArcToolbox\Toolboxes\Data Management Tools.tbx\CalculateField" Date="20150324" Time="115328">CalculateField nhdv2_NC_catchments_proj p_hyreg2 1 VB #</Process><Process ToolSource="c:\program files (x86)\arcgis\desktop10.2\ArcToolbox\Toolboxes\Data Management Tools.tbx\CalculateField" Date="20150324" Time="115336">CalculateField nhdv2_NC_catchments_proj p_hyreg1 0 VB #</Process><Process ToolSource="c:\program files (x86)\arcgis\desktop10.2\ArcToolbox\Toolboxes\Data Management Tools.tbx\CalculateField" Date="20150324" Time="115342">CalculateField nhdv2_NC_catchments_proj p_hyreg3 0 VB #</Process><Process ToolSource="c:\program files (x86)\arcgis\desktop10.2\ArcToolbox\Toolboxes\Data Management Tools.tbx\CalculateField" Date="20150324" Time="115347">CalculateField nhdv2_NC_catchments_proj p_hyreg4 0 VB #</Process><Process ToolSource="c:\program files (x86)\arcgis\desktop10.2\ArcToolbox\Toolboxes\Data Management Tools.tbx\CalculateField" Date="20150324" Time="115423">CalculateField nhdv2_NC_catchments_proj p_hyreg1 1 VB #</Process><Process ToolSource="c:\program files (x86)\arcgis\desktop10.2\ArcToolbox\Toolboxes\Data Management Tools.tbx\CalculateField" Date="20150324" Time="115433">CalculateField nhdv2_NC_catchments_proj p_hyreg2 0 VB #</Process><Process ToolSource="c:\program files (x86)\arcgis\desktop10.2\ArcToolbox\Toolboxes\Data Management Tools.tbx\CalculateField" Date="20150324" Time="115442">CalculateField nhdv2_NC_catchments_proj p_hyreg3 0 VB #</Process><Process ToolSource="c:\program files (x86)\arcgis\desktop10.2\ArcToolbox\Toolboxes\Data Management Tools.tbx\CalculateField" Date="20150324" Time="115451">CalculateField nhdv2_NC_catchments_proj p_hyreg4 0 VB #</Process><Process ToolSource="c:\program files (x86)\arcgis\desktop10.2\ArcToolbox\Toolboxes\Data Management Tools.tbx\CalculateField" Date="20150324" Time="120259">CalculateField nhdv2_NC_catchments_proj p_hyreg1 0 VB #</Process><Process ToolSource="c:\program files (x86)\arcgis\desktop10.2\ArcToolbox\Toolboxes\Data Management Tools.tbx\CalculateField" Date="20150324" Time="120308">CalculateField nhdv2_NC_catchments_proj p_hyreg2 0 VB #</Process><Process ToolSource="c:\program files (x86)\arcgis\desktop10.2\ArcToolbox\Toolboxes\Data Management Tools.tbx\CalculateField" Date="20150324" Time="120316">CalculateField nhdv2_NC_catchments_proj p_hyreg3 0 VB #</Process><Process ToolSource="c:\program files (x86)\arcgis\desktop10.2\ArcToolbox\Toolboxes\Data Management Tools.tbx\CalculateField" Date="20150324" Time="120324">CalculateField nhdv2_NC_catchments_proj p_hyreg4 1 VB #</Process><Process ToolSource="c:\program files (x86)\arcgis\desktop10.2\ArcToolbox\Toolboxes\Data Management Tools.tbx\CalculateField" Date="20150324" Time="120752">CalculateField nhdv2_NC_catchments_proj p_hyreg1 0 VB #</Process><Process ToolSource="c:\program files (x86)\arcgis\desktop10.2\ArcToolbox\Toolboxes\Data Management Tools.tbx\CalculateField" Date="20150324" Time="120759">CalculateField nhdv2_NC_catchments_proj p_hyreg2 0 VB #</Process><Process ToolSource="c:\program files (x86)\arcgis\desktop10.2\ArcToolbox\Toolboxes\Data Management Tools.tbx\CalculateField" Date="20150324" Time="120804">CalculateField nhdv2_NC_catchments_proj p_hyreg3 0 VB #</Process><Process ToolSource="c:\program files (x86)\arcgis\desktop10.2\ArcToolbox\Toolboxes\Data Management Tools.tbx\CalculateField" Date="20150324" Time="120810">CalculateField nhdv2_NC_catchments_proj p_hyreg4 1 VB #</Process><Process ToolSource="c:\program files (x86)\arcgis\desktop10.2\ArcToolbox\Toolboxes\Data Management Tools.tbx\CalculateField" Date="20150324" Time="121619">CalculateField nhdv2_NC_catchments_proj p_hyreg1 1 VB #</Process><Process ToolSource="c:\program files (x86)\arcgis\desktop10.2\ArcToolbox\Toolboxes\Data Management Tools.tbx\CalculateField" Date="20150324" Time="121625">CalculateField nhdv2_NC_catchments_proj p_hyreg2 0 VB #</Process><Process ToolSource="c:\program files (x86)\arcgis\desktop10.2\ArcToolbox\Toolboxes\Data Management Tools.tbx\CalculateField" Date="20150324" Time="121629">CalculateField nhdv2_NC_catchments_proj p_hyreg3 0 VB #</Process><Process ToolSource="c:\program files (x86)\arcgis\desktop10.2\ArcToolbox\Toolboxes\Data Management Tools.tbx\CalculateField" Date="20150324" Time="121633">CalculateField nhdv2_NC_catchments_proj p_hyreg4 0 VB #</Process><Process ToolSource="c:\program files (x86)\arcgis\desktop10.2\ArcToolbox\Toolboxes\Data Management Tools.tbx\CalculateField" Date="20150324" Time="140827">CalculateField nhdv2_NC_catchments_proj region_sum "[Region_1]+ [Region_2]+ [Region_3]+ [Region_4]" VB #</Process><Process ToolSource="c:\program files (x86)\arcgis\desktop10.2\ArcToolbox\Toolboxes\Data Management Tools.tbx\CalculateField" Date="20150324" Time="142150">CalculateField nhdv2_NC_catchments_proj Region_2 1 VB #</Process><Process ToolSource="c:\program files (x86)\arcgis\desktop10.2\ArcToolbox\Toolboxes\Data Management Tools.tbx\CalculateField" Date="20150324" Time="142217">CalculateField nhdv2_NC_catchments_proj region_sum "[Region_1]+ [Region_2]+ [Region_3]+ [Region_4]" VB #</Process><Process ToolSource="c:\program files (x86)\arcgis\desktop10.2\ArcToolbox\Toolboxes\Data Management Tools.tbx\CalculateField" Date="20150324" Time="143458">CalculateField nhdv2_NC_catchments_proj Region_1 1 VB #</Process><Process ToolSource="c:\program files (x86)\arcgis\desktop10.2\ArcToolbox\Toolboxes\Data Management Tools.tbx\CalculateField" Date="20150324" Time="143544">CalculateField nhdv2_NC_catchments_proj region_sum "[Region_1]+ [Region_2]+ [Region_3]+ [Region_4]" VB #</Process><Process ToolSource="c:\program files (x86)\arcgis\desktop10.2\ArcToolbox\Toolboxes\Data Management Tools.tbx\CalculateField" Date="20150324" Time="143901">CalculateField nhdv2_NC_catchments_proj Region_4 1 VB #</Process><Process ToolSource="c:\program files (x86)\arcgis\desktop10.2\ArcToolbox\Toolboxes\Data Management Tools.tbx\CalculateField" Date="20150324" Time="143931">CalculateField nhdv2_NC_catchments_proj region_sum "[Region_1]+ [Region_2]+ [Region_3]+ [Region_4]" VB #</Process><Process ToolSource="c:\program files (x86)\arcgis\desktop10.2\ArcToolbox\Toolboxes\Data Management Tools.tbx\CalculateField" Date="20150324" Time="144335">CalculateField nhdv2_NC_catchments_proj Region_2 "1 - [Region_1]" VB #</Process><Process ToolSource="c:\program files (x86)\arcgis\desktop10.2\ArcToolbox\Toolboxes\Data Management Tools.tbx\CalculateField" Date="20150325" Time="104654">CalculateField nhdv2_NC_catchments_proj Region_1 ( [Region_1])/( [Region_1] + [Region_4]) VB #</Process><Process ToolSource="c:\program files (x86)\arcgis\desktop10.2\ArcToolbox\Toolboxes\Data Management Tools.tbx\CalculateField" Date="20150325" Time="104703">CalculateField nhdv2_NC_catchments_proj Region_4 ( [Region_4])/( [Region_1] + [Region_4]) VB #</Process><Process ToolSource="c:\program files (x86)\arcgis\desktop10.2\ArcToolbox\Toolboxes\Data Management Tools.tbx\CalculateField" Date="20150325" Time="104725">CalculateField nhdv2_NC_catchments_proj region_sum " [Region_1] + [Region_2] + [Region_3] + [Region_4]" VB #</Process><Process ToolSource="c:\program files (x86)\arcgis\desktop10.2\ArcToolbox\Toolboxes\Data Management Tools.tbx\CalculateField" Date="20150325" Time="104808">CalculateField nhdv2_NC_catchments_proj Region_4 "[Region_4] / .63542282" VB #</Process><Process ToolSource="c:\program files (x86)\arcgis\desktop10.2\ArcToolbox\Toolboxes\Data Management Tools.tbx\CalculateField" Date="20150325" Time="104820">CalculateField nhdv2_NC_catchments_proj Region_4 .84273177 VB #</Process><Process ToolSource="c:\program files (x86)\arcgis\desktop10.2\ArcToolbox\Toolboxes\Data Management Tools.tbx\CalculateField" Date="20150325" Time="104831">CalculateField nhdv2_NC_catchments_proj region_sum "[Region_1] + [Region_2] + [Region_3] + [Region_4]" VB #</Process><Process ToolSource="c:\program files (x86)\arcgis\desktop10.2\ArcToolbox\Toolboxes\Data Management Tools.tbx\CalculateField" Date="20150325" Time="105417">CalculateField nhdv2_NC_catchments_proj Region_1 .70 VB #</Process><Process ToolSource="c:\program files (x86)\arcgis\desktop10.2\ArcToolbox\Toolboxes\Data Management Tools.tbx\CalculateField" Date="20150325" Time="105426">CalculateField nhdv2_NC_catchments_proj Region_2 .3 VB #</Process><Process ToolSource="c:\program files (x86)\arcgis\desktop10.2\ArcToolbox\Toolboxes\Data Management Tools.tbx\CalculateField" Date="20150325" Time="105458">CalculateField nhdv2_NC_catchments_proj Region_2 .9 VB #</Process><Process ToolSource="c:\program files (x86)\arcgis\desktop10.2\ArcToolbox\Toolboxes\Data Management Tools.tbx\CalculateField" Date="20150325" Time="105505">CalculateField nhdv2_NC_catchments_proj Region_1 .1 VB #</Process><Process ToolSource="c:\program files (x86)\arcgis\desktop10.2\ArcToolbox\Toolboxes\Data Management Tools.tbx\CalculateField" Date="20150327" Time="111021">CalculateField nhdv2_NC_catchments_proj dev_area 0 VB #</Process><Process ToolSource="c:\program files (x86)\arcgis\desktop10.2\ArcToolbox\Toolboxes\Data Management Tools.tbx\CalculateField" Date="20150330" Time="150436">CalculateField nhdv2_NC_catchments_proj perc_devarea "[dev_area]/ [Shape_Area]" VB #</Process><Process ToolSource="c:\program files (x86)\arcgis\desktop10.2\ArcToolbox\Toolboxes\Data Management Tools.tbx\CalculateField" Date="20150402" Time="112139">CalculateField nhdv2_NC_catchments_proj totalDA_sqmi "[TotDASqKM] * 0.386102" VB #</Process><Process ToolSource="c:\program files (x86)\arcgis\desktop10.2\ArcToolbox\Toolboxes\Data Management Tools.tbx\CalculateField" Date="20150402" Time="112612">CalculateField nhdv2_NC_catchments_proj HR1_gt3sqmi 1 VB #</Process><Process ToolSource="c:\program files (x86)\arcgis\desktop10.2\ArcToolbox\Toolboxes\Data Management Tools.tbx\CalculateField" Date="20150402" Time="112724">CalculateField nhdv2_NC_catchments_proj HR1_lt3sqmi 0 VB #</Process><Process ToolSource="c:\program files (x86)\arcgis\desktop10.2\ArcToolbox\Toolboxes\Data Management Tools.tbx\CalculateField" Date="20150402" Time="112743">CalculateField nhdv2_NC_catchments_proj HR1_gt3sqmi 0 VB #</Process><Process ToolSource="c:\program files (x86)\arcgis\desktop10.2\ArcToolbox\Toolboxes\Data Management Tools.tbx\CalculateField" Date="20150402" Time="112758">CalculateField nhdv2_NC_catchments_proj HR1_lt3sqmi 1 VB #</Process><Process ToolSource="c:\program files (x86)\arcgis\desktop10.2\ArcToolbox\Toolboxes\Data Management Tools.tbx\CalculateField" Date="20150508" Time="101846">CalculateField nhdv2_NC_catchments_proj IMPWACC_UP .04 VB #</Process><Process ToolSource="c:\program files (x86)\arcgis\desktop10.2\ArcToolbox\Toolboxes\Data Management Tools.tbx\CalculateField" Date="20150508" Time="102011">CalculateField nhdv2_NC_catchments_proj HR2_urb 1 VB #</Process><Process ToolSource="c:\program files (x86)\arcgis\desktop10.2\ArcToolbox\Toolboxes\Data Management Tools.tbx\CalculateField" Date="20150508" Time="102023">CalculateField nhdv2_NC_catchments_proj HR2_rural 0 VB #</Process><Process ToolSource="c:\program files (x86)\arcgis\desktop10.2\ArcToolbox\Toolboxes\Data Management Tools.tbx\CalculateField" Date="20150508" Time="102058">CalculateField nhdv2_NC_catchments_proj HR2_urb 0 VB #</Process><Process ToolSource="c:\program files (x86)\arcgis\desktop10.2\ArcToolbox\Toolboxes\Data Management Tools.tbx\CalculateField" Date="20150508" Time="102125">CalculateField nhdv2_NC_catchments_proj HR2_rural 1 VB #</Process><Process ToolSource="c:\program files (x86)\arcgis\desktop10.2\ArcToolbox\Toolboxes\Data Management Tools.tbx\CalculateField" Date="20150508" Time="102648">CalculateField nhdv2_NC_catchments_proj IMPWACC_UP_pc "[IMPWACC_UP] *100" VB #</Process><Process Name="Calculate Field" ToolSource="c:\program files (x86)\arcgis\desktop10.2\ArcToolbox\Toolboxes\Data Management Tools.tbx\CalculateField" Date="20150508" Time="104623">CalculateField nhdv2_NC_catchments_proj q2yr "(632 * [totalDA_sqmi]^(0.7903) * 10^(.0037 * [IMPWACC_UP_pc])) * [Region_1] * [HR1_lt3sqmi] + (794 * [totalDA_sqmi]^(0.5428) * 10^(.0037 * [IMPWACC_UP_pc])) * [Region_1] * [HR1_gt3sqmi] + (33.3 * [totalDA_sqmi]^(0.739) * [IMPWACC_UP_pc]^(0.686)) * [Region_2] * [HR2_urb] + (135 * [totalDA_sqmi]^(0.702)) * [Region_2] * [HR2_rural] + (114*[totalDA_sqmi]^(0.6451) * 10^(.0090*[NLCD_dev_pc])) * [Region_3] + (78.4 * [totalDA_sqmi]^(0.6111)*10^(0.0058*[IMPWACC_UP_pc])*10^(0.0738*[rf_50yr24h])) * [Region_4]" VB #</Process><Process Name="Calculate Field (2)" ToolSource="c:\program files (x86)\arcgis\desktop10.2\ArcToolbox\Toolboxes\Data Management Tools.tbx\CalculateField" Date="20150508" Time="104636">CalculateField nhdv2_NC_catchments_proj q10yr "(381 * [totalDA_sqmi]^(0.7536) * 10^(.7536 * [IMPWACC_UP_pc])) * [Region_1] * [HR1_lt3sqmi] + (484 * [totalDA_sqmi]^(0.5539) * 10^(.0060 * [IMPWACC_UP_pc])) * [Region_1] * [HR1_gt3sqmi] + (122 * [totalDA_sqmi]^(0.655) * [IMPWACC_UP_pc]^(0.515)) * [Region_2] * [HR2_urb] + (334 * [totalDA_sqmi]^(0.662)) * [Region_2] * [HR2_rural] + (68.43*[totalDA_sqmi]^(0.6507) * 10^(.0102*[NLCD_dev_pc])) * [Region_3] + (51.8 * [totalDA_sqmi]^(0.6004)*10^(0.0101*[IMPWACC_UP_pc])*10^(0.0666*[rf_50yr24h])) * [Region_4]" VB #</Process><Process Name="Calculate Field (3)" ToolSource="c:\program files (x86)\arcgis\desktop10.2\ArcToolbox\Toolboxes\Data Management Tools.tbx\CalculateField" Date="20150508" Time="104648">CalculateField nhdv2_NC_catchments_proj q50yr "(163 * [totalDA_sqmi]^(0.7089) * 10^(.133 * [IMPWACC_UP_pc])) * [Region_1] * [HR1_lt3sqmi] + (198 * [totalDA_sqmi]^(0.5735) * 10^(.0101 * [IMPWACC_UP_pc])) * [Region_1] * [HR1_gt3sqmi] + (296 * [totalDA_sqmi]^(0.602) * [IMPWACC_UP_pc]^(0.396)) * [Region_2] * [HR2_urb] + (602 * [totalDA_sqmi]^(0.635)) * [Region_2] * [HR2_rural] + (30*[totalDA_sqmi]^(0.6605) * 10^(.0122*[NLCD_dev_pc])) * [Region_3] + (26.3 * [totalDA_sqmi]^(0.5908)*10^(0.0173*[IMPWACC_UP_pc])*10^(0.0515*[rf_50yr24h])) * [Region_4]" VB #</Process><Process ToolSource="c:\program files (x86)\arcgis\desktop10.2\ArcToolbox\Toolboxes\Data Management Tools.tbx\CalculateField" Date="20150512" Time="132142">CalculateField nhdv2_NC_catchments_proj q2yr "(163 * [totalDA_sqmi]^(0.7089) * 10^(.0133*[IMPWACC_UP_pc])) * [Region_1] * [HR1_lt3sqmi] + (198 * [totalDA_sqmi]^(0.5735) * 10^(.0101*[IMPWACC_UP_pc])) * [Region_1] * [HR1_gt3sqmi] + (33.3 * [totalDA_sqmi]^(.739) * [IMPWACC_UP_pc]^(.686)) *[Region_2] * [HR2_urb] + (135 * [totalDA_sqmi]^(0.702)) * [Region_2] * [HR2_rural] + (30 * [totalDA_sqmi]^(0.6605) * 10^(.0122 * [NLCD_dev_pc])) * [Region_3] + (26.3 * [totalDA_sqmi]^(.5908) * 10^(.0173*[IMPWACC_UP_pc]) * 10^(0.0515 * [rf_50yr24h])) * [Region_4]
" VB #</Process><Process Name="Calculate Field" ToolSource="c:\program files (x86)\arcgis\desktop10.2\ArcToolbox\Toolboxes\Data Management Tools.tbx\CalculateField" Date="20150512" Time="143737">CalculateField nhdv2_NC_catchments_proj q2yr "(163 * [totalDA_sqmi]^(0.7089) * 10^(.0133*[IMPWACC_UP_pc])) * [Region_1] * [HR1_lt3sqmi] + (198 * [totalDA_sqmi]^(0.5735) * 10^(.0101*[IMPWACC_UP_pc])) * [Region_1] * [HR1_gt3sqmi] + (33.3 * [totalDA_sqmi]^(.739) * [IMPWACC_UP_pc]^(.686)) *[Region_2] * [HR2_urb] + (135 * [totalDA_sqmi]^(0.702)) * [Region_2] * [HR2_rural] + (30 * [totalDA_sqmi]^(0.6605) * 10^(.0122 * [NLCD_dev_pc])) * [Region_3] + (26.3 * [totalDA_sqmi]^(.5908) * 10^(.0173*[IMPWACC_UP_pc]) * 10^(0.0515 * [rf_50yr24h])) * [Region_4]" VB #</Process><Process Name="Calculate Field (2)" ToolSource="c:\program files (x86)\arcgis\desktop10.2\ArcToolbox\Toolboxes\Data Management Tools.tbx\CalculateField" Date="20150512" Time="143737">CalculateField nhdv2_NC_catchments_proj q10yr "(381 * [totalDA_sqmi]^(0.7536) * 10^(.0076 * [IMPWACC_UP_pc])) * [Region_1] * [HR1_lt3sqmi] + (484 * [totalDA_sqmi]^(0.5539) * 10^(.0060 * [IMPWACC_UP_pc])) * [Region_1] * [HR1_gt3sqmi] + (122 * [totalDA_sqmi]^(0.655) * [IMPWACC_UP_pc]^(0.515)) * [Region_2] * [HR2_urb] + (334 * [totalDA_sqmi]^(0.662)) * [Region_2] * [HR2_rural] + (68.43*[totalDA_sqmi]^(0.6507) * 10^(.0102*[NLCD_dev_pc])) * [Region_3] + (51.8 * [totalDA_sqmi]^(0.6004)*10^(0.0101*[IMPWACC_UP_pc])*10^(0.0666*[rf_50yr24h]) * [Region_4]" VB #</Process><Process Name="Calculate Field (3)" ToolSource="c:\program files (x86)\arcgis\desktop10.2\ArcToolbox\Toolboxes\Data Management Tools.tbx\CalculateField" Date="20150512" Time="143737">CalculateField nhdv2_NC_catchments_proj q50yr "(632 * [totalDA_sqmi]^(0.7903) * 10^(.0037 * [IMPWACC_UP_pc])) * [Region_1] * [HR1_lt3sqmi] + (794 * [totalDA_sqmi]^(0.5428) * 10^(.0037 * [IMPWACC_UP_pc])) * [Region_1] * [HR1_gt3sqmi] + (296 * [totalDA_sqmi]^(0.602) * [IMPWACC_UP_pc]^(0.396)) * [Region_2] * [HR2_urb] + (602 * [totalDA_sqmi]^(0.635)) * [Region_2] * [HR2_rural] + (114*[totalDA_sqmi]^(0.6451) * 10^(.0090*[NLCD_dev_pc])) * [Region_3] + (78.4 * [totalDA_sqmi]^(0.6111)*10^(0.0058*[IMPWACC_UP_pc])*10^(0.0738*[rf_50yr24h]) * [Region_4]" VB #</Process><Process Name="Calculate Field (4)" ToolSource="c:\program files (x86)\arcgis\desktop10.2\ArcToolbox\Toolboxes\Data Management Tools.tbx\CalculateField" Date="20150512" Time="143738">CalculateField nhdv2_NC_catchments_proj q100yr "(753 * [totalDA_sqmi]^(.8038) * 10^(.0024*[IMPWACC_UP_pc])) * [Region_1] * [HR1_lt3sqmi] + (941 * [totalDA_sqmi]^(.5386) * 10^(.0028*[IMPWACC_UP_pc])) * [Region_1] * [HR1_gt3sqmi] + (374 * [totalDA_sqmi]^(.593) * [IMPWACC_UP_pc]^(.358)) * [Region_2] * [HR2_urb] + (745 * [totalDA_sqmi]^(.625)) * [Region_2] * [HR2_rural] + (138 * [totalDA_sqmi]^(.6430) * 10^(.0086*[NLCD_dev_pc])) * [Region_3] + (90.5 * [totalDA_sqmi]^(.6154) * 10^(.0043 * [IMPWACC_UP_pc]) * 10^(.0762 * [rf_50yr24h]) * [Region_4]" VB #</Process><Process Name="Calculate Field" ToolSource="c:\program files (x86)\arcgis\desktop10.2\ArcToolbox\Toolboxes\Data Management Tools.tbx\CalculateField" Date="20150512" Time="143810">CalculateField nhdv2_NC_catchments_proj q2yr "(163 * [totalDA_sqmi]^(0.7089) * 10^(.0133*[IMPWACC_UP_pc])) * [Region_1] * [HR1_lt3sqmi] + (198 * [totalDA_sqmi]^(0.5735) * 10^(.0101*[IMPWACC_UP_pc])) * [Region_1] * [HR1_gt3sqmi] + (33.3 * [totalDA_sqmi]^(.739) * [IMPWACC_UP_pc]^(.686)) *[Region_2] * [HR2_urb] + (135 * [totalDA_sqmi]^(0.702)) * [Region_2] * [HR2_rural] + (30 * [totalDA_sqmi]^(0.6605) * 10^(.0122 * [NLCD_dev_pc])) * [Region_3] + (26.3 * [totalDA_sqmi]^(.5908) * 10^(.0173*[IMPWACC_UP_pc]) * 10^(0.0515 * [rf_50yr24h])) * [Region_4]" VB #</Process><Process Name="Calculate Field (2)" ToolSource="c:\program files (x86)\arcgis\desktop10.2\ArcToolbox\Toolboxes\Data Management Tools.tbx\CalculateField" Date="20150512" Time="143811">CalculateField nhdv2_NC_catchments_proj q10yr "(381 * [totalDA_sqmi]^(0.7536) * 10^(.0076 * [IMPWACC_UP_pc])) * [Region_1] * [HR1_lt3sqmi] + (484 * [totalDA_sqmi]^(0.5539) * 10^(.0060 * [IMPWACC_UP_pc])) * [Region_1] * [HR1_gt3sqmi] + (122 * [totalDA_sqmi]^(0.655) * [IMPWACC_UP_pc]^(0.515)) * [Region_2] * [HR2_urb] + (334 * [totalDA_sqmi]^(0.662)) * [Region_2] * [HR2_rural] + (68.43*[totalDA_sqmi]^(0.6507) * 10^(.0102*[NLCD_dev_pc])) * [Region_3] + (51.8 * [totalDA_sqmi]^(0.6004)*10^(0.0101*[IMPWACC_UP_pc])*10^(0.0666*[rf_50yr24h]) * [Region_4]" VB #</Process><Process Name="Calculate Field (3)" ToolSource="c:\program files (x86)\arcgis\desktop10.2\ArcToolbox\Toolboxes\Data Management Tools.tbx\CalculateField" Date="20150512" Time="143811">CalculateField nhdv2_NC_catchments_proj q50yr "(632 * [totalDA_sqmi]^(0.7903) * 10^(.0037 * [IMPWACC_UP_pc])) * [Region_1] * [HR1_lt3sqmi] + (794 * [totalDA_sqmi]^(0.5428) * 10^(.0037 * [IMPWACC_UP_pc])) * [Region_1] * [HR1_gt3sqmi] + (296 * [totalDA_sqmi]^(0.602) * [IMPWACC_UP_pc]^(0.396)) * [Region_2] * [HR2_urb] + (602 * [totalDA_sqmi]^(0.635)) * [Region_2] * [HR2_rural] + (114*[totalDA_sqmi]^(0.6451) * 10^(.0090*[NLCD_dev_pc])) * [Region_3] + (78.4 * [totalDA_sqmi]^(0.6111)*10^(0.0058*[IMPWACC_UP_pc])*10^(0.0738*[rf_50yr24h]) * [Region_4]" VB #</Process><Process Name="Calculate Field (4)" ToolSource="c:\program files (x86)\arcgis\desktop10.2\ArcToolbox\Toolboxes\Data Management Tools.tbx\CalculateField" Date="20150512" Time="143811">CalculateField nhdv2_NC_catchments_proj q100yr "(753 * [totalDA_sqmi]^(.8038) * 10^(.0024*[IMPWACC_UP_pc])) * [Region_1] * [HR1_lt3sqmi] + (941 * [totalDA_sqmi]^(.5386) * 10^(.0028*[IMPWACC_UP_pc])) * [Region_1] * [HR1_gt3sqmi] + (374 * [totalDA_sqmi]^(.593) * [IMPWACC_UP_pc]^(.358)) * [Region_2] * [HR2_urb] + (745 * [totalDA_sqmi]^(.625)) * [Region_2] * [HR2_rural] + (138 * [totalDA_sqmi]^(.6430) * 10^(.0086*[NLCD_dev_pc])) * [Region_3] + (90.5 * [totalDA_sqmi]^(.6154) * 10^(.0043 * [IMPWACC_UP_pc]) * 10^(.0762 * [rf_50yr24h]) * [Region_4]" VB #</Process><Process Name="Calculate Field" ToolSource="c:\program files (x86)\arcgis\desktop10.2\ArcToolbox\Toolboxes\Data Management Tools.tbx\CalculateField" Date="20150512" Time="143828">CalculateField nhdv2_NC_catchments_proj q2yr "(163 * [totalDA_sqmi]^(0.7089) * 10^(.0133*[IMPWACC_UP_pc])) * [Region_1] * [HR1_lt3sqmi] + (198 * [totalDA_sqmi]^(0.5735) * 10^(.0101*[IMPWACC_UP_pc])) * [Region_1] * [HR1_gt3sqmi] + (33.3 * [totalDA_sqmi]^(.739) * [IMPWACC_UP_pc]^(.686)) *[Region_2] * [HR2_urb] + (135 * [totalDA_sqmi]^(0.702)) * [Region_2] * [HR2_rural] + (30 * [totalDA_sqmi]^(0.6605) * 10^(.0122 * [NLCD_dev_pc])) * [Region_3] + (26.3 * [totalDA_sqmi]^(.5908) * 10^(.0173*[IMPWACC_UP_pc]) * 10^(0.0515 * [rf_50yr24h])) * [Region_4]" VB #</Process><Process Name="Calculate Field (2)" ToolSource="c:\program files (x86)\arcgis\desktop10.2\ArcToolbox\Toolboxes\Data Management Tools.tbx\CalculateField" Date="20150512" Time="143828">CalculateField nhdv2_NC_catchments_proj q10yr "(381 * [totalDA_sqmi]^(0.7536) * 10^(.0076 * [IMPWACC_UP_pc])) * [Region_1] * [HR1_lt3sqmi] + (484 * [totalDA_sqmi]^(0.5539) * 10^(.0060 * [IMPWACC_UP_pc])) * [Region_1] * [HR1_gt3sqmi] + (122 * [totalDA_sqmi]^(0.655) * [IMPWACC_UP_pc]^(0.515)) * [Region_2] * [HR2_urb] + (334 * [totalDA_sqmi]^(0.662)) * [Region_2] * [HR2_rural] + (68.43*[totalDA_sqmi]^(0.6507) * 10^(.0102*[NLCD_dev_pc])) * [Region_3] + (51.8 * [totalDA_sqmi]^(0.6004)*10^(0.0101*[IMPWACC_UP_pc])*10^(0.0666*[rf_50yr24h]) * [Region_4]" VB #</Process><Process Name="Calculate Field (3)" ToolSource="c:\program files (x86)\arcgis\desktop10.2\ArcToolbox\Toolboxes\Data Management Tools.tbx\CalculateField" Date="20150512" Time="143829">CalculateField nhdv2_NC_catchments_proj q50yr "(632 * [totalDA_sqmi]^(0.7903) * 10^(.0037 * [IMPWACC_UP_pc])) * [Region_1] * [HR1_lt3sqmi] + (794 * [totalDA_sqmi]^(0.5428) * 10^(.0037 * [IMPWACC_UP_pc])) * [Region_1] * [HR1_gt3sqmi] + (296 * [totalDA_sqmi]^(0.602) * [IMPWACC_UP_pc]^(0.396)) * [Region_2] * [HR2_urb] + (602 * [totalDA_sqmi]^(0.635)) * [Region_2] * [HR2_rural] + (114*[totalDA_sqmi]^(0.6451) * 10^(.0090*[NLCD_dev_pc])) * [Region_3] + (78.4 * [totalDA_sqmi]^(0.6111)*10^(0.0058*[IMPWACC_UP_pc])*10^(0.0738*[rf_50yr24h]) * [Region_4]" VB #</Process><Process Name="Calculate Field (4)" ToolSource="c:\program files (x86)\arcgis\desktop10.2\ArcToolbox\Toolboxes\Data Management Tools.tbx\CalculateField" Date="20150512" Time="143829">CalculateField nhdv2_NC_catchments_proj q100yr "(753 * [totalDA_sqmi]^(.8038) * 10^(.0024*[IMPWACC_UP_pc])) * [Region_1] * [HR1_lt3sqmi] + (941 * [totalDA_sqmi]^(.5386) * 10^(.0028*[IMPWACC_UP_pc])) * [Region_1] * [HR1_gt3sqmi] + (374 * [totalDA_sqmi]^(.593) * [IMPWACC_UP_pc]^(.358)) * [Region_2] * [HR2_urb] + (745 * [totalDA_sqmi]^(.625)) * [Region_2] * [HR2_rural] + (138 * [totalDA_sqmi]^(.6430) * 10^(.0086*[NLCD_dev_pc])) * [Region_3] + (90.5 * [totalDA_sqmi]^(.6154) * 10^(.0043 * [IMPWACC_UP_pc]) * 10^(.0762 * [rf_50yr24h]) * [Region_4]" VB #</Process><Process Name="Calculate Field" ToolSource="c:\program files (x86)\arcgis\desktop10.2\ArcToolbox\Toolboxes\Data Management Tools.tbx\CalculateField" Date="20150512" Time="143850">CalculateField nhdv2_NC_catchments_proj q2yr "(163 * [totalDA_sqmi]^(0.7089) * 10^(.0133*[IMPWACC_UP_pc])) * [Region_1] * [HR1_lt3sqmi] + (198 * [totalDA_sqmi]^(0.5735) * 10^(.0101*[IMPWACC_UP_pc])) * [Region_1] * [HR1_gt3sqmi] + (33.3 * [totalDA_sqmi]^(.739) * [IMPWACC_UP_pc]^(.686)) *[Region_2] * [HR2_urb] + (135 * [totalDA_sqmi]^(0.702)) * [Region_2] * [HR2_rural] + (30 * [totalDA_sqmi]^(0.6605) * 10^(.0122 * [NLCD_dev_pc])) * [Region_3] + (26.3 * [totalDA_sqmi]^(.5908) * 10^(.0173*[IMPWACC_UP_pc]) * 10^(0.0515 * [rf_50yr24h])) * [Region_4]" VB #</Process><Process Name="Calculate Field (2)" ToolSource="c:\program files (x86)\arcgis\desktop10.2\ArcToolbox\Toolboxes\Data Management Tools.tbx\CalculateField" Date="20150512" Time="143850">CalculateField nhdv2_NC_catchments_proj q10yr "(381 * [totalDA_sqmi]^(0.7536) * 10^(.0076 * [IMPWACC_UP_pc])) * [Region_1] * [HR1_lt3sqmi] + (484 * [totalDA_sqmi]^(0.5539) * 10^(.0060 * [IMPWACC_UP_pc])) * [Region_1] * [HR1_gt3sqmi] + (122 * [totalDA_sqmi]^(0.655) * [IMPWACC_UP_pc]^(0.515)) * [Region_2] * [HR2_urb] + (334 * [totalDA_sqmi]^(0.662)) * [Region_2] * [HR2_rural] + (68.43*[totalDA_sqmi]^(0.6507) * 10^(.0102*[NLCD_dev_pc])) * [Region_3] + (51.8 * [totalDA_sqmi]^(0.6004)*10^(0.0101*[IMPWACC_UP_pc])*10^(0.0666*[rf_50yr24h]) * [Region_4]" VB #</Process><Process Name="Calculate Field (3)" ToolSource="c:\program files (x86)\arcgis\desktop10.2\ArcToolbox\Toolboxes\Data Management Tools.tbx\CalculateField" Date="20150512" Time="143851">CalculateField nhdv2_NC_catchments_proj q50yr "(632 * [totalDA_sqmi]^(0.7903) * 10^(.0037 * [IMPWACC_UP_pc])) * [Region_1] * [HR1_lt3sqmi] + (794 * [totalDA_sqmi]^(0.5428) * 10^(.0037 * [IMPWACC_UP_pc])) * [Region_1] * [HR1_gt3sqmi] + (296 * [totalDA_sqmi]^(0.602) * [IMPWACC_UP_pc]^(0.396)) * [Region_2] * [HR2_urb] + (602 * [totalDA_sqmi]^(0.635)) * [Region_2] * [HR2_rural] + (114*[totalDA_sqmi]^(0.6451) * 10^(.0090*[NLCD_dev_pc])) * [Region_3] + (78.4 * [totalDA_sqmi]^(0.6111)*10^(0.0058*[IMPWACC_UP_pc])*10^(0.0738*[rf_50yr24h]) * [Region_4]" VB #</Process><Process Name="Calculate Field (4)" ToolSource="c:\program files (x86)\arcgis\desktop10.2\ArcToolbox\Toolboxes\Data Management Tools.tbx\CalculateField" Date="20150512" Time="143851">CalculateField nhdv2_NC_catchments_proj q100yr "(753 * [totalDA_sqmi]^(.8038) * 10^(.0024*[IMPWACC_UP_pc])) * [Region_1] * [HR1_lt3sqmi] + (941 * [totalDA_sqmi]^(.5386) * 10^(.0028*[IMPWACC_UP_pc])) * [Region_1] * [HR1_gt3sqmi] + (374 * [totalDA_sqmi]^(.593) * [IMPWACC_UP_pc]^(.358)) * [Region_2] * [HR2_urb] + (745 * [totalDA_sqmi]^(.625)) * [Region_2] * [HR2_rural] + (138 * [totalDA_sqmi]^(.6430) * 10^(.0086*[NLCD_dev_pc])) * [Region_3] + (90.5 * [totalDA_sqmi]^(.6154) * 10^(.0043 * [IMPWACC_UP_pc]) * 10^(.0762 * [rf_50yr24h]) * [Region_4]" VB #</Process><Process Name="Calculate Field" ToolSource="c:\program files (x86)\arcgis\desktop10.2\ArcToolbox\Toolboxes\Data Management Tools.tbx\CalculateField" Date="20150512" Time="144000">CalculateField nhdv2_NC_catchments_proj q2yr "(163 * [totalDA_sqmi]^(0.7089) * 10^(.0133*[IMPWACC_UP_pc])) * [Region_1] * [HR1_lt3sqmi] + (198 * [totalDA_sqmi]^(0.5735) * 10^(.0101*[IMPWACC_UP_pc])) * [Region_1] * [HR1_gt3sqmi] + (33.3 * [totalDA_sqmi]^(.739) * [IMPWACC_UP_pc]^(.686)) *[Region_2] * [HR2_urb] + (135 * [totalDA_sqmi]^(0.702)) * [Region_2] * [HR2_rural] + (30 * [totalDA_sqmi]^(0.6605) * 10^(.0122 * [NLCD_dev_pc])) * [Region_3] + (26.3 * [totalDA_sqmi]^(.5908) * 10^(.0173*[IMPWACC_UP_pc]) * 10^(0.0515 * [rf_50yr24h])) * [Region_4]" VB #</Process><Process Name="Calculate Field" ToolSource="c:\program files (x86)\arcgis\desktop10.2\ArcToolbox\Toolboxes\Data Management Tools.tbx\CalculateField" Date="20150512" Time="144133">CalculateField nhdv2_NC_catchments_proj q2yr "(163 * [totalDA_sqmi]^(0.7089) * 10^(.0133*[IMPWACC_UP_pc])) * [Region_1] * [HR1_lt3sqmi] + (198 * [totalDA_sqmi]^(0.5735) * 10^(.0101*[IMPWACC_UP_pc])) * [Region_1] * [HR1_gt3sqmi] + (33.3 * [totalDA_sqmi]^(.739) * [IMPWACC_UP_pc]^(.686)) *[Region_2] * [HR2_urb] + (135 * [totalDA_sqmi]^(0.702)) * [Region_2] * [HR2_rural] + (30 * [totalDA_sqmi]^(0.6605) * 10^(.0122 * [NLCD_dev_pc])) * [Region_3] + (26.3 * [totalDA_sqmi]^(.5908) * 10^(.0173*[IMPWACC_UP_pc]) * 10^(0.0515 * [rf_50yr24h])) * [Region_4]" VB #</Process><Process Name="Calculate Field (2)" ToolSource="c:\program files (x86)\arcgis\desktop10.2\ArcToolbox\Toolboxes\Data Management Tools.tbx\CalculateField" Date="20150512" Time="144142">CalculateField nhdv2_NC_catchments_proj q10yr "(381 * [totalDA_sqmi]^(0.7536) * 10^(.0076 * [IMPWACC_UP_pc])) * [Region_1] * [HR1_lt3sqmi] + (484 * [totalDA_sqmi]^(0.5539) * 10^(.0060 * [IMPWACC_UP_pc])) * [Region_1] * [HR1_gt3sqmi] + (122 * [totalDA_sqmi]^(0.655) * [IMPWACC_UP_pc]^(0.515)) * [Region_2] * [HR2_urb] + (334 * [totalDA_sqmi]^(0.662)) * [Region_2] * [HR2_rural] + (68.43*[totalDA_sqmi]^(0.6507) * 10^(.0102*[NLCD_dev_pc])) * [Region_3] + (51.8 * [totalDA_sqmi]^(0.6004)*10^(0.0101*[IMPWACC_UP_pc]))*10^(0.0666*[rf_50yr24h]) * [Region_4]" VB #</Process><Process Name="Calculate Field" ToolSource="c:\program files (x86)\arcgis\desktop10.2\ArcToolbox\Toolboxes\Data Management Tools.tbx\CalculateField" Date="20150512" Time="144219">CalculateField nhdv2_NC_catchments_proj q2yr "(163 * [totalDA_sqmi]^(0.7089) * 10^(.0133*[IMPWACC_UP_pc])) * [Region_1] * [HR1_lt3sqmi] + (198 * [totalDA_sqmi]^(0.5735) * 10^(.0101*[IMPWACC_UP_pc])) * [Region_1] * [HR1_gt3sqmi] + (33.3 * [totalDA_sqmi]^(.739) * [IMPWACC_UP_pc]^(.686)) *[Region_2] * [HR2_urb] + (135 * [totalDA_sqmi]^(0.702)) * [Region_2] * [HR2_rural] + (30 * [totalDA_sqmi]^(0.6605) * 10^(.0122 * [NLCD_dev_pc])) * [Region_3] + (26.3 * [totalDA_sqmi]^(.5908) * 10^(.0173*[IMPWACC_UP_pc]) * 10^(0.0515 * [rf_50yr24h])) * [Region_4]" VB #</Process><Process Name="Calculate Field (2)" ToolSource="c:\program files (x86)\arcgis\desktop10.2\ArcToolbox\Toolboxes\Data Management Tools.tbx\CalculateField" Date="20150512" Time="144230">CalculateField nhdv2_NC_catchments_proj q10yr "(381 * [totalDA_sqmi]^(0.7536) * 10^(.0076 * [IMPWACC_UP_pc])) * [Region_1] * [HR1_lt3sqmi] + (484 * [totalDA_sqmi]^(0.5539) * 10^(.0060 * [IMPWACC_UP_pc])) * [Region_1] * [HR1_gt3sqmi] + (122 * [totalDA_sqmi]^(0.655) * [IMPWACC_UP_pc]^(0.515)) * [Region_2] * [HR2_urb] + (334 * [totalDA_sqmi]^(0.662)) * [Region_2] * [HR2_rural] + (68.43*[totalDA_sqmi]^(0.6507) * 10^(.0102*[NLCD_dev_pc])) * [Region_3] + (51.8 * [totalDA_sqmi]^(0.6004)*10^(0.0101*[IMPWACC_UP_pc]))*10^(0.0666*[rf_50yr24h]) * [Region_4]" VB #</Process><Process Name="Calculate Field (3)" ToolSource="c:\program files (x86)\arcgis\desktop10.2\ArcToolbox\Toolboxes\Data Management Tools.tbx\CalculateField" Date="20150512" Time="144241">CalculateField nhdv2_NC_catchments_proj q50yr "(632 * [totalDA_sqmi]^(0.7903) * 10^(.0037 * [IMPWACC_UP_pc])) * [Region_1] * [HR1_lt3sqmi] + (794 * [totalDA_sqmi]^(0.5428) * 10^(.0037 * [IMPWACC_UP_pc])) * [Region_1] * [HR1_gt3sqmi] + (296 * [totalDA_sqmi]^(0.602) * [IMPWACC_UP_pc]^(0.396)) * [Region_2] * [HR2_urb] + (602 * [totalDA_sqmi]^(0.635)) * [Region_2] * [HR2_rural] + (114*[totalDA_sqmi]^(0.6451) * 10^(.0090*[NLCD_dev_pc])) * [Region_3] + (78.4 * [totalDA_sqmi]^(0.6111)*10^(0.0058*[IMPWACC_UP_pc])*10^(0.0738*[rf_50yr24h])) * [Region_4]" VB #</Process><Process Name="Calculate Field (4)" ToolSource="c:\program files (x86)\arcgis\desktop10.2\ArcToolbox\Toolboxes\Data Management Tools.tbx\CalculateField" Date="20150512" Time="144252">CalculateField nhdv2_NC_catchments_proj q100yr "(753 * [totalDA_sqmi]^(.8038) * 10^(.0024*[IMPWACC_UP_pc])) * [Region_1] * [HR1_lt3sqmi] + (941 * [totalDA_sqmi]^(.5386) * 10^(.0028*[IMPWACC_UP_pc])) * [Region_1] * [HR1_gt3sqmi] + (374 * [totalDA_sqmi]^(.593) * [IMPWACC_UP_pc]^(.358)) * [Region_2] * [HR2_urb] + (745 * [totalDA_sqmi]^(.625)) * [Region_2] * [HR2_rural] + (138 * [totalDA_sqmi]^(.6430) * 10^(.0086*[NLCD_dev_pc])) * [Region_3] + (90.5 * [totalDA_sqmi]^(.6154) * 10^(.0043 * [IMPWACC_UP_pc]) * 10^(.0762 * [rf_50yr24h])) * [Region_4]" VB #</Process><Process ToolSource="c:\program files (x86)\arcgis\desktop10.2\ArcToolbox\Toolboxes\Data Management Tools.tbx\CalculateField" Date="20150512" Time="144603">CalculateField nhdv2_NC_catchments_proj q100yr "(753 * [totalDA_sqmi]^(.8038) * 10^(.0024*[IMPWACC_UP_pc])) * [Region_1] * [HR1_lt3sqmi] + (941 * [totalDA_sqmi]^(.5386) * 10^(.0028*[IMPWACC_UP_pc])) * [Region_1] * [HR1_gt3sqmi] + (374 * [totalDA_sqmi]^(.593) * [IMPWACC_UP_pc]^(.358)) * [Region_2] * [HR2_urb] + (745 * [totalDA_sqmi]^(.625)) * [Region_2] * [HR2_rural] + (138 * [totalDA_sqmi]^(.6430) * 10^(.0086*[NLCD_dev_pc])) * [Region_3] + (90.5 * [totalDA_sqmi]^(.6154) * 10^(.0043 * [IMPWACC_UP_pc]) * 10^(.0762 * [rf_50yr24h])) * [Region_4]" VB #</Process><Process ToolSource="c:\program files (x86)\arcgis\desktop10.2\ArcToolbox\Toolboxes\Data Management Tools.tbx\CalculateField" Date="20150527" Time="121023">CalculateField RR_peakflow_NC_catch q10yr_mmday "[q10yr] / [TotDASqKM] * 2.4527" VB #</Process><Process ToolSource="c:\program files (x86)\arcgis\desktop10.2\ArcToolbox\Toolboxes\Data Management Tools.tbx\CalculateField" Date="20150527" Time="121210">CalculateField RR_peakflow_NC_catch Q10yr_mmday "[q10yr] / [TotDASqKM] * 2.4527" VB #</Process><Process ToolSource="c:\program files (x86)\arcgis\desktop10.2\ArcToolbox\Toolboxes\Data Management Tools.tbx\CalculateField" Date="20150527" Time="160616">CalculateField NHDcatchment_NC_Phos cum_yield_kgyr "[total_yield] * [TotDASqKM_1]" VB #</Process></lineage><itemProps><itemName Sync="TRUE">NHDcatchment_NC_Phos</itemName><imsContentType Sync="TRUE">002</imsContentType><itemLocation><linkage Sync="TRUE">file://\\storage.unc.edu\ie\band_group\EEP\statewide_sparrow_GIS\sparrow.gdb</linkage><protocol Sync="TRUE">Local Area Network</protocol></itemLocation><nativeExtBox><westBL Sync="TRUE">123998.436700</westBL><eastBL Sync="TRUE">930357.725200</eastBL><southBL Sync="TRUE">10468.162100</southBL><northBL Sync="TRUE">318095.378300</northBL><exTypeCode Sync="TRUE">1</exTypeCode></nativeExtBox></itemProps><coordRef><type Sync="TRUE">Projected</type><geogcsn Sync="TRUE">GCS_North_American_1983</geogcsn><csUnits Sync="TRUE">Linear Unit: Meter (1.000000)</csUnits><peXml Sync="TRUE">&lt;ProjectedCoordinateSystem xsi:type='typens:ProjectedCoordinateSystem' xmlns:xsi='http://www.w3.org/2001/XMLSchema-instance' xmlns:xs='http://www.w3.org/2001/XMLSchema' xmlns:typens='http://www.esri.com/schemas/ArcGIS/10.1'&gt;&lt;WKT&gt;PROJCS[&amp;quot;NAD_1983_StatePlane_North_Carolina_FIPS_3200&amp;quot;,GEOGCS[&amp;quot;GCS_North_American_1983&amp;quot;,DATUM[&amp;quot;D_North_American_1983&amp;quot;,SPHEROID[&amp;quot;GRS_1980&amp;quot;,6378137.0,298.257222101]],PRIMEM[&amp;quot;Greenwich&amp;quot;,0.0],UNIT[&amp;quot;Degree&amp;quot;,0.0174532925199433]],PROJECTION[&amp;quot;Lambert_Conformal_Conic&amp;quot;],PARAMETER[&amp;quot;False_Easting&amp;quot;,609601.22],PARAMETER[&amp;quot;False_Northing&amp;quot;,0.0],PARAMETER[&amp;quot;Central_Meridian&amp;quot;,-79.0],PARAMETER[&amp;quot;Standard_Parallel_1&amp;quot;,34.33333333333334],PARAMETER[&amp;quot;Standard_Parallel_2&amp;quot;,36.16666666666666],PARAMETER[&amp;quot;Latitude_Of_Origin&amp;quot;,33.75],UNIT[&amp;quot;Meter&amp;quot;,1.0],AUTHORITY[&amp;quot;EPSG&amp;quot;,32119]]&lt;/WKT&gt;&lt;XOrigin&gt;-37137500&lt;/XOrigin&gt;&lt;YOrigin&gt;-28547400&lt;/YOrigin&gt;&lt;XYScale&gt;10000&lt;/XYScale&gt;&lt;ZOrigin&gt;-100000&lt;/ZOrigin&gt;&lt;ZScale&gt;10000&lt;/ZScale&gt;&lt;MOrigin&gt;-100000&lt;/MOrigin&gt;&lt;MScale&gt;10000&lt;/MScale&gt;&lt;XYTolerance&gt;0.001&lt;/XYTolerance&gt;&lt;ZTolerance&gt;0.001&lt;/ZTolerance&gt;&lt;MTolerance&gt;0.001&lt;/MTolerance&gt;&lt;HighPrecision&gt;true&lt;/HighPrecision&gt;&lt;WKID&gt;32119&lt;/WKID&gt;&lt;LatestWKID&gt;32119&lt;/LatestWKID&gt;&lt;/ProjectedCoordinateSystem&gt;</peXml><projcsn Sync="TRUE">NAD_1983_StatePlane_North_Carolina_FIPS_3200</projcsn></coordRef></DataProperties><SyncDate>20150715</SyncDate><SyncTime>14265300</SyncTime><ModDate>20150715</ModDate><ModTime>14265300</ModTime><ArcGISstyle>North American Profile of ISO19115 2003</ArcGISstyle></Esri><dataIdInfo><envirDesc Sync="TRUE">Microsoft Windows 7 Version 6.1 (Build 7601) Service Pack 1; Esri ArcGIS 10.2.1.3497</envirDesc><dataLang><languageCode value="eng" Sync="TRUE"></languageCode><countryCode value="USA" Sync="TRUE"></countryCode></dataLang><idCitation><resTitle Sync="TRUE">NHDcatchment_NC_Phos</resTitle><presForm><PresFormCd value="005" Sync="TRUE"></PresFormCd></presForm></idCitation><spatRpType><SpatRepTypCd value="001" Sync="TRUE"></SpatRepTypCd></spatRpType><dataExt><geoEle><GeoBndBox esriExtentType="search"><exTypeCode Sync="TRUE">1</exTypeCode><westBL Sync="TRUE">-84.422157</westBL><eastBL Sync="TRUE">-75.416480</eastBL><northBL Sync="TRUE">36.617236</northBL><southBL Sync="TRUE">33.728786</southBL></GeoBndBox></geoEle></dataExt></dataIdInfo><mdLang><languageCode value="eng" Sync="TRUE"></languageCode><countryCode value="USA" Sync="TRUE"></countryCode></mdLang><distInfo><distFormat><formatName Sync="TRUE">File Geodatabase Feature Class</formatName></distFormat></distInfo><mdHrLv><ScopeCd value="005" Sync="TRUE"></ScopeCd></mdHrLv><mdHrLvName Sync="TRUE">dataset</mdHrLvName><refSysInfo><RefSystem><refSysID><identCode code="32119" Sync="TRUE"></identCode><idCodeSpace Sync="TRUE">EPSG</idCodeSpace><idVersion Sync="TRUE">8.2.6</idVersion></refSysID></RefSystem></refSysInfo><spatRepInfo><VectSpatRep><geometObjs Name="NHDcatchment_NC_Phos"><geoObjTyp><GeoObjTypCd value="002" Sync="TRUE"></GeoObjTypCd></geoObjTyp><geoObjCnt Sync="TRUE">68948</geoObjCnt></geometObjs><topLvl><TopoLevCd value="001" Sync="TRUE"></TopoLevCd></topLvl></VectSpatRep></spatRepInfo><spdoinfo><ptvctinf><esriterm Name="NHDcatchment_NC_Phos"><efeatyp Sync="TRUE">Simple</efeatyp><efeageom code="4" Sync="TRUE"></efeageom><esritopo Sync="TRUE">FALSE</esritopo><efeacnt Sync="TRUE">68948</efeacnt><spindex Sync="TRUE">TRUE</spindex><linrefer Sync="TRUE">FALSE</linrefer></esriterm></ptvctinf></spdoinfo><eainfo><detailed Name="NHDcatchment_NC_Phos"><enttyp><enttypl Sync="TRUE">NHDcatchment_NC_Phos</enttypl><enttypt Sync="TRUE">Feature Class</enttypt><enttypc Sync="TRUE">68948</enttypc></enttyp><attr><attrlabl Sync="TRUE">OBJECTID</attrlabl><attalias Sync="TRUE">OBJECTID</attalias><attrtype Sync="TRUE">OID</attrtype><attwidth Sync="TRUE">4</attwidth><atprecis Sync="TRUE">0</atprecis><attscale Sync="TRUE">0</attscale><attrdef Sync="TRUE">Internal feature number.</attrdef><attrdefs Sync="TRUE">Esri</attrdefs><attrdomv><udom Sync="TRUE">Sequential unique whole numbers that are automatically generated.</udom></attrdomv></attr><attr><attrlabl Sync="TRUE">Shape</attrlabl><attalias Sync="TRUE">Shape</attalias><attrtype Sync="TRUE">Geometry</attrtype><attwidth Sync="TRUE">0</attwidth><atprecis Sync="TRUE">0</atprecis><attscale Sync="TRUE">0</attscale><attrdef Sync="TRUE">Feature geometry.</attrdef><attrdefs Sync="TRUE">Esri</attrdefs><attrdomv><udom Sync="TRUE">Coordinates defining the features.</udom></attrdomv></attr><attr><attrlabl Sync="TRUE">GRIDCODE</attrlabl><attalias Sync="TRUE">GRIDCODE</attalias><attrtype Sync="TRUE">Integer</attrtype><attwidth Sync="TRUE">4</attwidth><atprecis Sync="TRUE">0</atprecis><attscale Sync="TRUE">0</attscale></attr><attr><attrlabl Sync="TRUE">FEATUREID</attrlabl><attalias Sync="TRUE">FEATUREID</attalias><attrtype Sync="TRUE">Integer</attrtype><attwidth Sync="TRUE">4</attwidth><atprecis Sync="TRUE">0</atprecis><attscale Sync="TRUE">0</attscale></attr><attr><attrlabl Sync="TRUE">SOURCEFC</attrlabl><attalias Sync="TRUE">SOURCEFC</attalias><attrtype Sync="TRUE">String</attrtype><attwidth Sync="TRUE">20</attwidth><atprecis Sync="TRUE">0</atprecis><attscale Sync="TRUE">0</attscale></attr><attr><attrlabl Sync="TRUE">Shape_Length</attrlabl><attalias Sync="TRUE">Shape_Length</attalias><attrtype Sync="TRUE">Double</attrtype><attwidth Sync="TRUE">8</attwidth><atprecis Sync="TRUE">0</atprecis><attscale Sync="TRUE">0</attscale><attrdef Sync="TRUE">Length of feature in internal units.</attrdef><attrdefs Sync="TRUE">Esri</attrdefs><attrdomv><udom Sync="TRUE">Positive real numbers that are automatically generated.</udom></attrdomv></attr><attr><attrlabl Sync="TRUE">Shape_Area</attrlabl><attalias Sync="TRUE">Shape_Area</attalias><attrtype Sync="TRUE">Double</attrtype><attwidth Sync="TRUE">8</attwidth><atprecis Sync="TRUE">0</atprecis><attscale Sync="TRUE">0</attscale><attrdef Sync="TRUE">Area of feature in internal units squared.</attrdef><attrdefs Sync="TRUE">Esri</attrdefs><attrdomv><udom Sync="TRUE">Positive real numbers that are automatically generated.</udom></attrdomv></attr><attr><attrlabl Sync="TRUE">TotDASqKM</attrlabl><attalias Sync="TRUE">TotDASqKM</attalias><attrtype Sync="TRUE">Double</attrtype><attwidth Sync="TRUE">8</attwidth><atprecis Sync="TRUE">0</atprecis><attscale Sync="TRUE">0</attscale></attr><attr><attrlabl Sync="TRUE">totalDA_sqmi</attrlabl><attalias Sync="TRUE">totalDA_sqmi</attalias><attrtype Sync="TRUE">Double</attrtype><attwidth Sync="TRUE">8</attwidth><atprecis Sync="TRUE">0</atprecis><attscale Sync="TRUE">0</attscale></attr><attr><attrlabl Sync="TRUE">REACHCODE</attrlabl><attalias Sync="TRUE">REACHCODE</attalias><attrtype Sync="TRUE">String</attrtype><attwidth Sync="TRUE">14</attwidth><atprecis Sync="TRUE">0</atprecis><attscale Sync="TRUE">0</attscale></attr><attr><attrlabl Sync="TRUE">TotDASqKM_1</attrlabl><attalias Sync="TRUE">TotDASqKM</attalias><attrtype Sync="TRUE">Double</attrtype><attwidth Sync="TRUE">8</attwidth><atprecis Sync="TRUE">0</atprecis><attscale Sync="TRUE">0</attscale></attr><attr><attrlabl Sync="TRUE">total_yield</attrlabl><attalias Sync="TRUE">total_yield</attalias><attrtype Sync="TRUE">Double</attrtype><attwidth Sync="TRUE">8</attwidth><atprecis Sync="TRUE">0</atprecis><attscale Sync="TRUE">0</attscale></attr><attr><attrlabl Sync="TRUE">inc_total_yield</attrlabl><attalias Sync="TRUE">inc_total_yield</attalias><attrtype Sync="TRUE">Double</attrtype><attwidth Sync="TRUE">8</attwidth><atprecis Sync="TRUE">0</atprecis><attscale Sync="TRUE">0</attscale></attr><attr><attrlabl Sync="TRUE">cum_yield_kgyr</attrlabl><attalias Sync="TRUE">cum_yield_kgyr</attalias><attrtype Sync="TRUE">Double</attrtype><attwidth Sync="TRUE">8</attwidth><atprecis Sync="TRUE">0</atprecis><attscale Sync="TRUE">0</attscale></attr></detailed></eainfo><mdDateSt Sync="TRUE">20150715</mdDateSt></metadata>
