<?xml version="1.0" encoding="UTF-8"?>
<metadata xml:lang="en"><Esri><CreaDate>20150815</CreaDate><CreaTime>12295200</CreaTime><ArcGISFormat>1.0</ArcGISFormat><SyncOnce>TRUE</SyncOnce><DataProperties><lineage><Process Name="Convert input CSV to MaxEnt SWD" ToolSource="D:\Workspace\EEP\EEP_HabitatStatistics.tbx\ConvertCSVToSWD" Date="20150815" Time="122952">ConvertCSVToSWD D:\Workspace\EEP\HabStats030501\Notropis_altipinnis\AllHUC8Records.csv Notropis_altipinnis D:\Workspace\EEP\HabStats030501\Notropis_altipinnis\SH_Correlations.csv D:\Workspace\EEP\HabStats030501\Notropis_altipinnis\Notropis_altipinnis_SWD.csv</Process></lineage></DataProperties></Esri></metadata>
