Predictor variable,Categorical,Sample average
AnimalOps,false,0.045112781954887216
AreaSqKM,false,5.255864660654749
FCODE,true,46006.0
FLNLCD_2,false,10962.406015037594
FLNLCD_3,false,426.3157894736842
FLNLCD_4,false,79680.45112781954
FLNLCD_5,false,3166.9172932330825
FLNLCD_7,false,5501.503759398496
FLNLCD_8,false,12627.067669172933
FLNLCD_9,false,11632.33082706767
LongestSegment,false,863.6572726543685
MeanShadeLength,false,140.31023983489303
NLCD1c,false,0.8182082531940458
NLCD2c,false,18.470835414753626
NLCD3,false,0.018757894496027296
NLCD5,false,2.4850962381613884
NLCD5c,false,122.18394561997033
NLCD7,false,0.2642548875970752
NLCD8,false,0.8841180507604846
NLCD8c,false,24.576523149428063
NPDES,false,0.09774436090225563
PPT0001,false,1302.9828330592106
Pathlength,false,569.4540591132372
PrecipVMA,false,130298.32330827067
Precip_max,false,13117.809724506578
Qincr0001E,false,3.068059000249644
Riparian_1P,false,0.04263389476485677
Riparian_2A,false,44235.338345864664
Riparian_3A,false,2145.1127819548874
Riparian_3P,false,0.008005819800729983
Riparian_4A,false,210295.48872180452
Riparian_4P,false,0.4957409783763657
Riparian_5A,false,12058.646616541353
Riparian_7A,false,18852.63157894737
Riparian_8A,false,88815.78947368421
Riparian_8P,false,0.20856767895113312
Riparian_9A,false,41819.54887218045
RunOffVMA,false,497.6387152420847
RunOff_max,false,84.77383979281089
StreamOrde,true,3.0
TempVC,false,1394.0385521910243
Temp_min,false,383.4086179804981
TotDASqKM,false,198.09295861165327
V0001E,false,1.13035090570163
cool,false,47.14025789992254
downstreamDistance_km,false,257.9487669916081
