<?xml version="1.0" encoding="UTF-8"?>
<metadata xml:lang="en"><Esri><CreaDate>20150815</CreaDate><CreaTime>12303800</CreaTime><ArcGISFormat>1.0</ArcGISFormat><SyncOnce>TRUE</SyncOnce><DataProperties><lineage><Process Name="03 Calculate correlations" ToolSource="D:\Workspace\EEP\EEP_HabitatStatistics.tbx\CalculateRVCorrelations" Date="20150815" Time="123038">CalculateRVCorrelations D:\Workspace\EEP\HabStats030501\Etheostoma_olmstedi\AllHUC8Records.csv D:\Workspace\EEP\HabStats030501\Etheostoma_olmstedi\SH_Correlations.csv 0.7 D:\Workspace\EEP\HabStats030501\Etheostoma_olmstedi\RV_Correlations.csv</Process></lineage></DataProperties></Esri></metadata>
