Var1, Var2, Coeff
LENGTHKM, NLCD5, 0.85311569181
LENGTHKM, FLNLCD_4, 0.871454509027
LENGTHKM, Riparian_4A, 0.848011318322
ArbolateSu, NLCD1c, 0.984430755272
ArbolateSu, NLCD4c, 0.999035689799
ArbolateSu, NLCD7c, 0.988703986288
ArbolateSu, NLCD9c, 0.982294910978
PPT0001, PrecipVMA, 0.999999998347
PPT0001, RunOff_min, 0.861693586198
PrecipVMA, RunOff_min, 0.861693320276
NLCD5, FLNLCD_4, 0.765606373374
NLCD5, Riparian_4A, 0.786137988299
NLCD1c, NLCD4c, 0.979297957656
NLCD1c, NLCD7c, 0.967971482712
NLCD1c, NLCD9c, 0.962160628309
NLCD4c, NLCD7c, 0.989104093053
NLCD4c, NLCD9c, 0.981427110512
NLCD7c, NLCD9c, 0.99634327593
FLNLCD_4, Riparian_4A, 0.861044139053
FLNLCD_4, LongestSegment, 0.738892358661
FLNLCD_7, Riparian_7A, 0.779792366632
FLNLCD_9, Riparian_9A, 0.857132482255
