<?xml version="1.0" encoding="UTF-8"?>
<metadata xml:lang="en"><Esri><CreaDate>20150815</CreaDate><CreaTime>12303700</CreaTime><ArcGISFormat>1.0</ArcGISFormat><SyncOnce>TRUE</SyncOnce><DataProperties><lineage><Process Name="02 Calculate Species Habitat Correlations" ToolSource="D:\Workspace\EEP\EEP_HabitatStatistics.tbx\CalculatePACorrelations" Date="20150815" Time="123037">CalculatePACorrelations D:\Workspace\EEP\HabStats030501\Etheostoma_olmstedi\AllHUC8Records.csv D:\Workspace\EEP\HabStats030501\Etheostoma_olmstedi\SH_Correlations.csv</Process></lineage></DataProperties></Esri></metadata>
