Predictor variable,Categorical,Sample average
AreaSqKM,false,5.008205929346899
FCODE,true,46006.0
FLNLCD_4,false,84867.32673267326
FLNLCD_7,false,5203.960396039604
FLNLCD_9,false,10550.49504950495
LENGTHKM,false,3.302287134498653
LongestSegment,false,1180.731596314081
NLCD3,false,0.019577227648126312
NLCD4,false,3.1688019742838818
NLCD5,false,2.692051500672161
NLCD8,false,0.8857693142386726
NLCD9,false,0.047085148488669334
Pathlength,false,597.0036225271697
PctCanopy,false,74.35791412202438
PctImpervious,false,1.588260568275536
Qincr0001E,false,3.089502756972567
Riparian_1P,false,0.03258027579453267
Riparian_3A,false,1880.1980198019803
Riparian_4A,false,196556.43564356436
Riparian_5A,false,10719.801980198019
Riparian_7A,false,17625.742574257427
Riparian_8A,false,69816.83168316832
Riparian_9A,false,36668.316831683165
StreamOrde,true,2.0
V0001E,false,1.0596856409960453
cold,false,32.85734500507317
cool,false,39.986104680465
downstreamDistance_km,false,272.9080487525109
warm,false,27.156550303544147
