<?xml version="1.0" encoding="UTF-8"?>
<metadata xml:lang="en"><Esri><CreaDate>20150817</CreaDate><CreaTime>09341800</CreaTime><ArcGISFormat>1.0</ArcGISFormat><SyncOnce>TRUE</SyncOnce><DataProperties><lineage><Process Name="Write Maxent Predictions" ToolSource="D:\Workspace\EEP\EEP_HabitatStatistics.tbx\WriteMaxentPredictions" Date="20150817" Time="093418">WriteMaxentPredictions D:\Workspace\EEP\HabStats030501\Noturus_insignis\Output D:\Workspace\EEP\HabStats030501\Noturus_insignis\ME_Predictions.csv</Process></lineage></DataProperties></Esri></metadata>
