<?xml version="1.0" encoding="UTF-8"?>
<metadata xml:lang="en"><Esri><CreaDate>20150815</CreaDate><CreaTime>12284900</CreaTime><ArcGISFormat>1.0</ArcGISFormat><SyncOnce>TRUE</SyncOnce><DataProperties><lineage><Process Name="Convert input CSV to MaxEnt SWD" ToolSource="D:\Workspace\EEP\EEP_HabitatStatistics.tbx\ConvertCSVToSWD" Date="20150815" Time="122849">ConvertCSVToSWD D:\Workspace\EEP\HabStats030501\Noturus_insignis\AllHUC8Records.csv Noturus_insignis D:\Workspace\EEP\HabStats030501\Noturus_insignis\SH_Correlations.csv D:\Workspace\EEP\HabStats030501\Noturus_insignis\Noturus_insignis_SWD.csv</Process></lineage></DataProperties></Esri></metadata>
