<?xml version="1.0" encoding="UTF-8"?>
<metadata xml:lang="en"><Esri><CreaDate>20150815</CreaDate><CreaTime>12284400</CreaTime><ArcGISFormat>1.0</ArcGISFormat><SyncOnce>TRUE</SyncOnce><DataProperties><lineage><Process Name="03 Calculate correlations" ToolSource="D:\Workspace\EEP\EEP_HabitatStatistics.tbx\CalculateRVCorrelations" Date="20150815" Time="122844">CalculateRVCorrelations D:\Workspace\EEP\HabStats030501\Noturus_insignis\AllHUC8Records.csv D:\Workspace\EEP\HabStats030501\Noturus_insignis\SH_Correlations.csv 0.7 D:\Workspace\EEP\HabStats030501\Noturus_insignis\RV_Correlations.csv</Process></lineage></DataProperties></Esri></metadata>
