Var1, Var2, Coeff
LENGTHKM, NLCD4, 0.818276750202
LENGTHKM, Riparian_4A, 0.848011318322
ArbolateSu, NLCD2c, 0.986318271802
ArbolateSu, NLCD7c, 0.988703986288
ArbolateSu, NLCD9c, 0.982294910978
TEMP0001, PET0001, 0.99787735537
TEMP0001, TempVMA, 0.999998444444
TEMP0001, RunOffVMA, -0.719100917358
PET0001, TempVMA, 0.997878153682
PET0001, RunOffVMA, -0.748361605024
TempVMA, RunOffVMA, -0.719096504262
PrecipVC, Precip_min, 0.889368998916
PrecipVC, RunOffVMA, 0.908196754665
Precip_min, RunOffVMA, 0.912022728505
NLCD2, Riparian_2A, 0.769339826062
NLCD4, NLCD7, 0.753172285039
NLCD4, Riparian_4A, 0.828147807089
NLCD9, Riparian_9A, 0.980033829883
NLCD2c, NLCD7c, 0.977241221279
NLCD2c, NLCD9c, 0.977421971436
NLCD7c, NLCD9c, 0.99634327593
