<?xml version="1.0" encoding="UTF-8"?>
<metadata xml:lang="en"><Esri><CreaDate>20150815</CreaDate><CreaTime>12301600</CreaTime><ArcGISFormat>1.0</ArcGISFormat><SyncOnce>TRUE</SyncOnce><DataProperties><lineage><Process Name="Convert input CSV to MaxEnt SWD" ToolSource="D:\Workspace\EEP\EEP_HabitatStatistics.tbx\ConvertCSVToSWD" Date="20150815" Time="123016">ConvertCSVToSWD D:\Workspace\EEP\HabStats030501\Clinostomus_funduloides\AllHUC8Records.csv Clinostomus_funduloides D:\Workspace\EEP\HabStats030501\Clinostomus_funduloides\SH_Correlations.csv D:\Workspace\EEP\HabStats030501\Clinostomus_funduloides\Clinostomus_funduloides_SWD.csv</Process></lineage></DataProperties></Esri></metadata>
