Var1, Var2, Coeff
LENGTHKM, NLCD5, 0.85311569181
LENGTHKM, FLNLCD_4, 0.871454509027
LENGTHKM, Riparian_4A, 0.848011318322
Pathlength, TEMP0001, -0.835095697567
Pathlength, PET0001, -0.82968010153
Pathlength, TempVMA, -0.835045750966
Pathlength, Temp_max, -0.79098191051
TotDASqKM, NLCD1c, 0.985430471363
TotDASqKM, NLCD3c, 0.932737793192
TotDASqKM, NLCD5c, 0.998852437599
TotDASqKM, NLCD8c, 0.995535914093
TEMP0001, PET0001, 0.99787735537
TEMP0001, TempVMA, 0.999998444444
TEMP0001, Temp_max, 0.991782403159
PET0001, TempVMA, 0.997878153682
PET0001, Temp_max, 0.994978422241
PET0001, cold, -0.708820930784
TempVMA, Temp_max, 0.991796840129
Temp_max, cold, -0.731329978871
PrecipVMA, Precip_max, 0.966901139901
PrecipVMA, RunOff_max, 0.968039833672
Precip_max, RunOff_max, 0.957958920789
NLCD5, FLNLCD_4, 0.765606373374
NLCD5, Riparian_4A, 0.786137988299
NLCD1c, NLCD3c, 0.876874408333
NLCD1c, NLCD5c, 0.982908214239
NLCD1c, NLCD8c, 0.978727218932
NLCD3c, NLCD5c, 0.92672029252
NLCD3c, NLCD8c, 0.939302674339
NLCD5c, NLCD8c, 0.991296864132
FLNLCD_4, Riparian_4A, 0.861044139053
FLNLCD_7, Riparian_7A, 0.779792366632
FLNLCD_9, Riparian_9A, 0.857132482255
