<?xml version="1.0" encoding="UTF-8"?>
<metadata xml:lang="en"><Esri><CreaDate>20150815</CreaDate><CreaTime>12301000</CreaTime><ArcGISFormat>1.0</ArcGISFormat><SyncOnce>TRUE</SyncOnce><DataProperties><lineage><Process Name="02 Calculate Species Habitat Correlations" ToolSource="D:\Workspace\EEP\EEP_HabitatStatistics.tbx\CalculatePACorrelations" Date="20150815" Time="123010">CalculatePACorrelations D:\Workspace\EEP\HabStats030501\Clinostomus_funduloides\AllHUC8Records.csv D:\Workspace\EEP\HabStats030501\Clinostomus_funduloides\SH_Correlations.csv</Process></lineage></DataProperties></Esri></metadata>
