Predictor variable,Categorical,Sample average
AnimalOps,false,0.02926829268292683
AreaSqKM,false,6.22495317379149
FCODE,true,46006.0
FLNLCD_2,false,20296.09756097561
FLNLCD_3,false,460.9756097560976
FLNLCD_4,false,80973.65853658537
FLNLCD_5,false,3134.6341463414633
FLNLCD_7,false,4759.024390243902
FLNLCD_8,false,11678.048780487805
FLNLCD_9,false,12160.975609756097
LongestSegment,false,833.2861866171767
MeanShadeLength,false,131.91077223870812
NLCD1c,false,0.5986009644191121
NLCD2c,false,18.739672767055197
NLCD3,false,0.019738536392247714
NLCD3c,false,0.5003341481157737
NLCD4c,false,99.22833232225442
NLCD7,false,0.26612780403811487
NLCD8,false,0.9319829320557779
NLCD8c,false,19.088653043621196
NPDES,false,0.1902439024390244
Pathlength,false,552.0807157190835
PctImpervious,false,4.857942414910691
PrecipVC,false,132612.95144817073
Precip_min,false,9121.687399961891
Qincr0001E,false,3.4386861310136028
Riparian_1P,false,0.03234276716205541
Riparian_2A,false,83010.73170731707
Riparian_2P,false,0.14222450703212128
Riparian_3A,false,2265.3658536585367
Riparian_3P,false,0.006872741946746118
Riparian_4A,false,226159.0243902439
Riparian_4P,false,0.49392241043742835
Riparian_5A,false,12002.926829268292
Riparian_7A,false,17565.365853658535
Riparian_8A,false,82453.17073170732
Riparian_8P,false,0.17728919796304912
Riparian_9A,false,47853.65853658537
Riparian_9P,false,0.08045500244195687
StreamOrde,true,3.0
TempVC,false,1422.6937532750571
Temp_min,false,393.0606724157566
TotDASqKM,false,149.54080054585526
V0001E,false,1.0735099062687012
cool,false,35.43976259929378
downstreamDistance_km,false,229.09706353443426
warm,false,47.78918882928244
