Predictor variable,Categorical,Sample average
ArbolateSu,false,43.070999935615895
AreaSqKM,false,5.2598197491363035
FCODE,true,46006.0
FLNLCD_1,false,669.7674418604652
FLNLCD_2,false,10334.302325581395
FLNLCD_4,false,88205.23255813954
FLNLCD_5,false,3317.4418604651164
FLNLCD_7,false,5305.813953488372
FLNLCD_8,false,11019.767441860466
FLNLCD_9,false,9999.418604651162
LongestSegment,false,1146.9155139479526
NLCD2,false,0.9246662740276174
NLCD2c,false,6.854012811058309
NLCD3,false,0.0184081393851747
NLCD4,false,3.024361033425775
NLCD4c,false,35.10658798661343
NLCD5c,false,32.455595775745635
NLCD7,false,0.2516965120428426
NLCD7c,false,1.7188744126760866
NLCD8,false,0.7947889545541202
NLCD9,false,0.05007034889963824
NLCD9c,false,0.19158488386148198
PPT0001,false,1296.5192615597748
PctCanopy,false,72.95933681310609
PrecipVC,false,132331.77956940408
Precip_min,false,9134.534625386083
Q0001E,false,36.03292462402998
Q0001E_max,false,62.86724969744682
Q0001E_min,false,18.874569790654405
Qincr0001E,false,2.94492570149474
Riparian_1P,false,0.009989538548451977
Riparian_2A,false,42729.06976744186
Riparian_5A,false,10800.0
Riparian_8A,false,69964.53488372093
Riparian_8P,false,0.15786851180154224
RunOffVMA,false,508.7724243873774
RunOff_max,false,85.19910577286122
TEMP0001,false,14.305080724316975
TempVC,false,1391.0125040453534
Temp_min,false,348.5755375374195
V0001E,false,1.0100543041561925
cold,false,31.972397074449894
cool,false,28.53759863210279
downstreamDistance_km,false,213.97551625135333
