Predictor variable,Categorical,Sample average
AreaSqKM,false,5.647746788758424
FLNLCD_1,false,11496.774193548386
FLNLCD_3,false,595.1612903225806
FLNLCD_4,false,78488.70967741935
FLNLCD_7,false,5893.548387096775
FLNLCD_8,false,12570.967741935483
FLNLCD_9,false,14458.064516129032
LongestSegment,false,893.1618498525312
MeanShadeLength,false,118.19375215038177
NLCD3,false,0.022166128925633646
NLCD3c,false,1.3449483951478596
NLCD4c,false,257.71575467817246
NLCD5,false,2.7198145090331955
NLCD5c,false,226.40852838946927
NLCD7,false,0.33159193384551233
NLCD8,false,0.9643354832209767
Q0001E,false,260.21596942409394
Q0001E_min,false,137.90349941099845
Qincr0001E,false,3.2132337026358133
Riparian_3A,false,3266.1290322580644
Riparian_3P,false,0.012975371837983989
Riparian_4A,false,206230.64516129033
Riparian_4P,false,0.4688535181865577
Riparian_5A,false,12164.516129032258
Riparian_8A,false,87343.54838709677
Riparian_8P,false,0.20828107967146584
Riparian_9P,false,0.0947012837465492
RunOff_min,false,6.617260456085205
StreamOrde,true,4.0
TempVC,false,1378.033228720388
Temp_max,false,2514.2625850554437
V0001E,false,1.2104829097947767
cold,false,9.913170258845053
cool,false,60.98194319202054
upstreamDistance_km,false,211.29006430218297
warm,false,29.10488663181182
