<?xml version="1.0" encoding="UTF-8"?>
<metadata xml:lang="en"><Esri><CreaDate>20150815</CreaDate><CreaTime>12290900</CreaTime><ArcGISFormat>1.0</ArcGISFormat><SyncOnce>TRUE</SyncOnce><DataProperties><lineage><Process Name="Convert input CSV to MaxEnt SWD" ToolSource="D:\Workspace\EEP\EEP_HabitatStatistics.tbx\ConvertCSVToSWD" Date="20150815" Time="122909">ConvertCSVToSWD D:\Workspace\EEP\HabStats030501\Moxostoma_collapsum\AllHUC8Records.csv Moxostoma_collapsum D:\Workspace\EEP\HabStats030501\Moxostoma_collapsum\SH_Correlations.csv D:\Workspace\EEP\HabStats030501\Moxostoma_collapsum\Moxostoma_collapsum_SWD.csv</Process></lineage></DataProperties></Esri></metadata>
