Predictor variable,Categorical,Sample average
AreaSqKM,false,6.0803562667117355
FCODE,true,46006.0
FLNLCD_2,false,18187.5
FLNLCD_4,false,82200.0
FLNLCD_5,false,2618.75
FLNLCD_7,false,3750.0
FLNLCD_8,false,10125.0
MeanShadeLength,false,143.33651902278265
NLCD2,false,1.9340874941618595
NLCD2c,false,24.349168859629167
NLCD3,false,0.013056249869502304
NLCD4,false,2.7590374963409783
NLCD7,false,0.24892499884784533
NLCD8,false,0.8693312494983224
NLCD8c,false,23.34544991497468
NLCD9,false,0.06415000005169229
NLCD9c,false,0.9243312339240219
NPDES,false,0.20833333333333334
Pathlength,false,552.2411791483561
PctImpervious,false,4.961631988214019
Precip_max,false,12576.906914605035
Qincr0001E,false,3.293946169407314
Riparian_1P,false,0.05172640489804002
Riparian_2A,false,75112.5
Riparian_2P,false,0.12183725304122264
Riparian_4P,false,0.5043210229228458
Riparian_5A,false,10887.5
Riparian_8A,false,73418.75
Riparian_8P,false,0.17360263352748007
Riparian_9A,false,50706.25
Riparian_9P,false,0.0848329114847325
RunOff_min,false,6.288772990306218
StreamOrde,true,3.0
TempVC,false,1433.1703448825413
TotDASqKM,false,192.57221342788802
V0001E,false,1.0734270161224737
cool,false,26.775447129168445
warm,false,59.30274507403374
