Predictor variable,Categorical,Sample average
AreaSqKM,false,5.666531248064712
FCODE,true,46006.0
FLNLCD_2,false,11621.25
FLNLCD_3,false,401.25
FLNLCD_4,false,82586.25
FLNLCD_5,false,3022.5
FLNLCD_7,false,4950.0
FLNLCD_8,false,11550.0
FLNLCD_9,false,11775.0
LongestSegment,false,922.2456442197164
MeanShadeLength,false,190.13859150012334
NLCD1c,false,0.5353574919208768
NLCD2,false,1.2389324968656485
NLCD3,false,0.017917499819789857
NLCD3c,false,0.42030000170877124
NLCD4c,false,90.32145032137632
NLCD5,false,2.738925003287538
NLCD5c,false,81.27551231533289
NLCD7c,false,5.31244870472777
NLCD8,false,0.9963225077837705
NLCD8c,false,18.335381128398392
NPDES,false,0.1625
PPT0001,false,1312.5887110392252
Pathlength,false,563.9267117818197
PctCanopy,false,68.94290739695231
PrecipVC,false,135384.58274739582
Precip_min,false,9287.71165974935
Qincr0001E,false,3.179518328172465
Riparian_1P,false,0.02806254854731378
Riparian_2A,false,48742.5
Riparian_2P,false,0.10917646684926391
Riparian_3A,false,2231.25
Riparian_3P,false,0.006075053358654259
Riparian_4A,false,219517.5
Riparian_5A,false,11152.5
Riparian_7A,false,18663.75
Riparian_8A,false,78570.0
Riparian_8P,false,0.1770286486222176
Riparian_9A,false,43432.5
Riparian_9P,false,0.0757804474211298
RunOffVMA,false,513.8526416778565
RunOff_max,false,86.18159421284993
RunOff_min,false,8.563660212357838
StreamOrde,true,3.0
TempVC,false,1404.7736602783202
Temp_min,false,379.93928813934326
TotDASqKM,false,134.1678010766705
V0001E,false,1.0818886270125707
cold,false,23.779727303485075
cool,false,34.17023324904343
downstreamDistance_km,false,252.55578399300575
