<?xml version="1.0" encoding="UTF-8"?>
<metadata xml:lang="en"><Esri><CreaDate>20150815</CreaDate><CreaTime>12274000</CreaTime><ArcGISFormat>1.0</ArcGISFormat><SyncOnce>TRUE</SyncOnce><DataProperties><lineage><Process Name="01 Create model input file" ToolSource="D:\Workspace\EEP\EEP_HabitatStatistics.tbx\STATSCreateModelingFile" Date="20150815" Time="122740">STATSCreateModelingFile D:\Workspace\EEP\Data\NC.sde\NC.DBO.AquaticSpeciesPoints Nocomis_leptocephalus D:\Workspace\EEP\Data\EEP_030501.gdb\ResponseVars D:\Workspace\EEP\HabStats030501</Process></lineage></DataProperties></Esri></metadata>
