<?xml version="1.0" encoding="UTF-8"?>
<metadata xml:lang="en"><Esri><CreaDate>20150817</CreaDate><CreaTime>09341800</CreaTime><ArcGISFormat>1.0</ArcGISFormat><SyncOnce>TRUE</SyncOnce><DataProperties><lineage><Process Name="Extract variable importances from maxent result" ToolSource="D:\Workspace\EEP\EEP_HabitatStatistics.tbx\ExtractVariableImportances" Date="20150817" Time="093418">ExtractVariableImportances D:\Workspace\EEP\HabStats030501\Nocomis_leptocephalus\Output D:\Workspace\EEP\HabStats030501\Nocomis_leptocephalus\ME_VarImportance.csv</Process></lineage></DataProperties></Esri></metadata>
