<?xml version="1.0" encoding="UTF-8"?>
<metadata xml:lang="en"><Esri><CreaDate>20150815</CreaDate><CreaTime>12274700</CreaTime><ArcGISFormat>1.0</ArcGISFormat><SyncOnce>TRUE</SyncOnce><DataProperties><lineage><Process Name="Convert input CSV to MaxEnt SWD" ToolSource="D:\Workspace\EEP\EEP_HabitatStatistics.tbx\ConvertCSVToSWD" Date="20150815" Time="122747">ConvertCSVToSWD D:\Workspace\EEP\HabStats030501\Nocomis_leptocephalus\AllHUC8Records.csv Nocomis_leptocephalus D:\Workspace\EEP\HabStats030501\Nocomis_leptocephalus\SH_Correlations.csv D:\Workspace\EEP\HabStats030501\Nocomis_leptocephalus\Nocomis_leptocephalus_SWD.csv</Process></lineage></DataProperties></Esri></metadata>
