Var1, Var2, Coeff
LENGTHKM, NLCD4, 0.818276750202
LENGTHKM, Riparian_4A, 0.848011318322
ArbolateSu, NLCD2c, 0.986318271802
ArbolateSu, NLCD4c, 0.999035689799
ArbolateSu, NLCD7c, 0.988703986288
ArbolateSu, NLCD9c, 0.982294910978
TEMP0001, PET0001, 0.99787735537
TEMP0001, TempVMA, 0.999998444444
TEMP0001, Temp_max, 0.991782403159
PET0001, TempVMA, 0.997878153682
PET0001, Temp_max, 0.994978422241
PET0001, cold, -0.708820930784
TempVMA, Temp_max, 0.991796840129
Temp_max, cold, -0.731329978871
PrecipVMA, Precip_max, 0.966901139901
PrecipVMA, RunOff_min, 0.861693320276
Precip_max, RunOff_min, 0.831579500025
NLCD2, Riparian_2A, 0.769339826062
NLCD4, NLCD7, 0.753172285039
NLCD4, Riparian_4A, 0.828147807089
NLCD9, Riparian_9A, 0.980033829883
NLCD2c, NLCD4c, 0.979774102859
NLCD2c, NLCD7c, 0.977241221279
NLCD2c, NLCD9c, 0.977421971436
NLCD4c, NLCD7c, 0.989104093053
NLCD4c, NLCD9c, 0.981427110512
NLCD7c, NLCD9c, 0.99634327593
