<?xml version="1.0" encoding="UTF-8"?>
<metadata xml:lang="en"><Esri><CreaDate>20150815</CreaDate><CreaTime>12280800</CreaTime><ArcGISFormat>1.0</ArcGISFormat><SyncOnce>TRUE</SyncOnce><DataProperties><lineage><Process Name="Convert input CSV to MaxEnt SWD" ToolSource="D:\Workspace\EEP\EEP_HabitatStatistics.tbx\ConvertCSVToSWD" Date="20150815" Time="122808">ConvertCSVToSWD D:\Workspace\EEP\HabStats030501\Etheostoma_flabellare\AllHUC8Records.csv Etheostoma_flabellare D:\Workspace\EEP\HabStats030501\Etheostoma_flabellare\SH_Correlations.csv D:\Workspace\EEP\HabStats030501\Etheostoma_flabellare\Etheostoma_flabellare_SWD.csv</Process></lineage></DataProperties></Esri></metadata>
